FirstName,LastName,Email,PhoneNumber,DetailsConsent,AddressLine1,AddressLine2,Town,County,PostCode,BirthDay,BirthMonth,BirthYear,Nationality,SexAtBirth,Occupation,CardNumber,ExpiryDay,ExpiryYear,City,Cvc,ChildDay,ChildMonth,ChildYear
Adoption10,Test10,madeupemai10l@gmail.com,0123487789,Yes,30 Made Up Lane,,Staines,County6,PO16 7GZ,14,05,1991,Thailand,male,Nurse,4444333322221111,06,24,Ealing,123,10,10,2010
Adoption11,Test11,madeupemail11@gmail.com,0123236788,Yes,29 Made Up Lane,,Ham,County7,PO16 7GZ,13,06,1993,India,female,Doctor,4242424242424242,07,24,Acton,133,11,09,2010
Adoption12,Test12,madeupemail12@gmail.com,0123454578,Yes,28 Made Up Lane,,Hammersmith,County8,PO16 7GZ,22,10,1993,Nigeria,Footballer,Test Engineer,4444333322221111,08,24,Hammersmith,134,12,08,2011
Adoption13,Test13,madeupemail13@gmail.com,0123456578,Yes,27 Made Up Lane,,Acton,County9,PO16 7GZ,21,05,1996,Algeria,Accountant,Consultant,4242424242424242,09,24,Ham,135,13,07,2015
Adoption14,Test14,madeupemail14@gmail.com,0123412678,Yes,26 Made Up Lane,,Ealing,County10,PO16 7GZ,24,01,1994,Morroco,Unemployed,Farmer,4444333322221111,10,24,Staines,136,14,06,2014
Adoption15,Test15,madeupemail15@gmail.com,0121656789,Yes,25 Made Up Lane,,Barons Court,County11,PO16 7GZ,17,10,1993,Holland,Bus Driver,Teacher,4444333322221111,11,24,Kingston,137,15,05,2010
Adoption16,Test16,madeupemail16@gmail.com,0123345788,Yes,24 Made Up Lane,,Knightsbridge,County12,PO16 7GZ,18,11,1998,France,Artist,Dentist,4242424242424242,12,24,Isleworth,138,16,04,2010
Adoption17,Test17,madeupemail17@gmail.com,0123434678,Yes,23 Made Up Lane,,Chelsea,County13,PO16 7GZ,19,07,1995,Mexico,Muscian,Test Engineer,4444333322221111,01,24,Richmond,139,17,03,2011
Adoption18,Test18,madeupemail18@gmail.com,0123456788,Yes,22 Made Up Lane,,Straford,County14,PO16 7GZ,21,09,1997,Germany,Business Man,Consultant,4242424242424242,02,24,Hounslow,140,18,02,2015
Adoption19,Test19,madeupemail19@gmail.com,0123412678,Yes,21 Made Up Lane,,Bush,County15,PO16 7GZ,25,08,1996,Belgium,Comedian,Farmer,4444333322221111,03,24,Twickenham,141,8,01,2014
Adoption,Test,madeupemail@gmail.com,0123456789,Yes,35 Made Up Lane,,London,New County,PO16 7GZ,04,10,1998,Japan,male,Teacher,4444333322221111,02,24,London,123,4,10,2010
Adoption1,Test1,madeupemail1@gmail.com,0123456788,Yes,34 Made Up Lane,,London,County,PO16 7GZ,03,11,1998,Italy,female,Dentist,4242424242424242,01,24,Manchester,124,3,11,2010
Adoption2,Test2,madeupemail2@gmail.com,0123456778,Yes,33 Made Up Lane,,Manchester,Tower Hamlets,PO16 7GZ,02,10,1997,Denmark,male,Test Engineer,4444333322221111,02,24,London,125,2,10,2011
Adoption3,Test3,madeupemail3@gmail.com,0123456678,Yes,32 Made Up Lane,,Manchester,Middlesex,PO16 7GZ,01,09,1997,Austria,female,Consultant,4242424242424242,01,24,Hounslow,126,3,07,2015
Adoption4,Test4,madeupemail4@gmail.com,0123455678,Yes,31 Made Up Lane,,Luton,Richmond,PO16 7GZ,02,08,1997,Spain,male,Farmer,4444333322221111,05,24,Twickenham,126,8,06,2014
Adoption5,Test5,madeupemail5@gmail.com,0125456789,Yes,35 Made Up Lane,,Twickenham,County1,PO16 7GZ,08,10,1998,Portugal,female,Trader,4444333322221111,02,24,Bush,127,5,10,2010
Adoption6,Test6,madeupemail6@gmail.com,0155456788,Yes,34 Made Up Lane,,London,County2,PO16 7GZ,09,11,1998,America,male,Banker,4242424242424242,01,24,Straford,128,6,11,2011
Adoption7,Test7,madeupemail7@gmail.com,0123453778,Yes,33 Made Up Lane,,Richmond,County3,PO16 7GZ,10,07,1997,Brazil,female,Shop Assistant,4444333322221111,03,24,Chelsea,129,7,01,2011
Adoption8,Test8,madeupemail8@gmail.com,0123346678,Yes,32 Made Up Lane,,Isleworth,County4,PO16 7GZ,11,09,1997,Jamaica,male,Taxi Driver,4242424242424242,04,24,Knightsbridge,130,8,12,2015
Adoption9,Test9,madeupemail9@gmail.com,0123445678,Yes,31 Made Up Lane,,Kingston,County5,PO16 7GZ,12,08,1996,China,female,Chef,4444333322221111,05,24,Barons Court,131,9,11,2014